{
  "hash": "11abaf20",
  "configHash": "802a1239",
  "lockfileHash": "fc2f4b35",
  "browserHash": "98d95dd2",
  "optimized": {
    "@angular/cdk/bidi": {
      "src": "../../../../../../node_modules/@angular/cdk/fesm2022/bidi.mjs",
      "file": "@angular_cdk_bidi.js",
      "fileHash": "78be9625",
      "needsInterop": false
    },
    "@angular/cdk/scrolling": {
      "src": "../../../../../../node_modules/@angular/cdk/fesm2022/scrolling.mjs",
      "file": "@angular_cdk_scrolling.js",
      "fileHash": "8fd09a46",
      "needsInterop": false
    },
    "@angular/cdk/text-field": {
      "src": "../../../../../../node_modules/@angular/cdk/fesm2022/text-field.mjs",
      "file": "@angular_cdk_text-field.js",
      "fileHash": "072e1e25",
      "needsInterop": false
    },
    "@angular/common": {
      "src": "../../../../../../node_modules/@angular/common/fesm2022/common.mjs",
      "file": "@angular_common.js",
      "fileHash": "177056ba",
      "needsInterop": false
    },
    "@angular/common/http": {
      "src": "../../../../../../node_modules/@angular/common/fesm2022/http.mjs",
      "file": "@angular_common_http.js",
      "fileHash": "3114d14b",
      "needsInterop": false
    },
    "@angular/core": {
      "src": "../../../../../../node_modules/@angular/core/fesm2022/core.mjs",
      "file": "@angular_core.js",
      "fileHash": "b54e3f4d",
      "needsInterop": false
    },
    "@angular/forms": {
      "src": "../../../../../../node_modules/@angular/forms/fesm2022/forms.mjs",
      "file": "@angular_forms.js",
      "fileHash": "487dc1a9",
      "needsInterop": false
    },
    "@angular/material/button": {
      "src": "../../../../../../node_modules/@angular/material/fesm2022/button.mjs",
      "file": "@angular_material_button.js",
      "fileHash": "3eeb5d4c",
      "needsInterop": false
    },
    "@angular/material/card": {
      "src": "../../../../../../node_modules/@angular/material/fesm2022/card.mjs",
      "file": "@angular_material_card.js",
      "fileHash": "757d631f",
      "needsInterop": false
    },
    "@angular/material/form-field": {
      "src": "../../../../../../node_modules/@angular/material/fesm2022/form-field.mjs",
      "file": "@angular_material_form-field.js",
      "fileHash": "2a28dfff",
      "needsInterop": false
    },
    "@angular/material/grid-list": {
      "src": "../../../../../../node_modules/@angular/material/fesm2022/grid-list.mjs",
      "file": "@angular_material_grid-list.js",
      "fileHash": "f1592bda",
      "needsInterop": false
    },
    "@angular/material/icon": {
      "src": "../../../../../../node_modules/@angular/material/fesm2022/icon.mjs",
      "file": "@angular_material_icon.js",
      "fileHash": "ecfa224b",
      "needsInterop": false
    },
    "@angular/material/input": {
      "src": "../../../../../../node_modules/@angular/material/fesm2022/input.mjs",
      "file": "@angular_material_input.js",
      "fileHash": "9b21b1e4",
      "needsInterop": false
    },
    "@angular/material/select": {
      "src": "../../../../../../node_modules/@angular/material/fesm2022/select.mjs",
      "file": "@angular_material_select.js",
      "fileHash": "6feaedab",
      "needsInterop": false
    },
    "@angular/material/sidenav": {
      "src": "../../../../../../node_modules/@angular/material/fesm2022/sidenav.mjs",
      "file": "@angular_material_sidenav.js",
      "fileHash": "22dc52bd",
      "needsInterop": false
    },
    "@angular/material/table": {
      "src": "../../../../../../node_modules/@angular/material/fesm2022/table.mjs",
      "file": "@angular_material_table.js",
      "fileHash": "4763a84c",
      "needsInterop": false
    },
    "@angular/material/toolbar": {
      "src": "../../../../../../node_modules/@angular/material/fesm2022/toolbar.mjs",
      "file": "@angular_material_toolbar.js",
      "fileHash": "0822df54",
      "needsInterop": false
    },
    "@angular/platform-browser": {
      "src": "../../../../../../node_modules/@angular/platform-browser/fesm2022/platform-browser.mjs",
      "file": "@angular_platform-browser.js",
      "fileHash": "33007cbe",
      "needsInterop": false
    },
    "@angular/platform-browser/animations": {
      "src": "../../../../../../node_modules/@angular/platform-browser/fesm2022/animations.mjs",
      "file": "@angular_platform-browser_animations.js",
      "fileHash": "7618f1fa",
      "needsInterop": false
    },
    "@angular/platform-browser/animations/async": {
      "src": "../../../../../../node_modules/@angular/platform-browser/fesm2022/animations/async.mjs",
      "file": "@angular_platform-browser_animations_async.js",
      "fileHash": "e85ab30f",
      "needsInterop": false
    },
    "@angular/router": {
      "src": "../../../../../../node_modules/@angular/router/fesm2022/router.mjs",
      "file": "@angular_router.js",
      "fileHash": "81d89aee",
      "needsInterop": false
    },
    "rxjs": {
      "src": "../../../../../../node_modules/rxjs/dist/esm5/index.js",
      "file": "rxjs.js",
      "fileHash": "d285f1fa",
      "needsInterop": false
    },
    "rxjs/operators": {
      "src": "../../../../../../node_modules/rxjs/dist/esm5/operators/index.js",
      "file": "rxjs_operators.js",
      "fileHash": "4e99dbb2",
      "needsInterop": false
    }
  },
  "chunks": {
    "browser-Q5QOXLU3": {
      "file": "browser-Q5QOXLU3.js"
    },
    "chunk-UTF22N7A": {
      "file": "chunk-UTF22N7A.js"
    },
    "chunk-UPYQKGZD": {
      "file": "chunk-UPYQKGZD.js"
    },
    "chunk-KBOJ2P72": {
      "file": "chunk-KBOJ2P72.js"
    },
    "chunk-OWLJTFU3": {
      "file": "chunk-OWLJTFU3.js"
    },
    "chunk-EREIV343": {
      "file": "chunk-EREIV343.js"
    },
    "chunk-ZSYGQ7AB": {
      "file": "chunk-ZSYGQ7AB.js"
    },
    "chunk-VET2I3CR": {
      "file": "chunk-VET2I3CR.js"
    },
    "chunk-72HYFWCL": {
      "file": "chunk-72HYFWCL.js"
    },
    "chunk-TWABB3J4": {
      "file": "chunk-TWABB3J4.js"
    },
    "chunk-ODOBERLM": {
      "file": "chunk-ODOBERLM.js"
    },
    "chunk-4SZHZN2G": {
      "file": "chunk-4SZHZN2G.js"
    },
    "chunk-VY5GAWUT": {
      "file": "chunk-VY5GAWUT.js"
    },
    "chunk-4K7SNVI5": {
      "file": "chunk-4K7SNVI5.js"
    },
    "chunk-IBYU652R": {
      "file": "chunk-IBYU652R.js"
    },
    "chunk-2O4WY5GE": {
      "file": "chunk-2O4WY5GE.js"
    },
    "chunk-LVIE7H2M": {
      "file": "chunk-LVIE7H2M.js"
    },
    "chunk-X2KBHNSN": {
      "file": "chunk-X2KBHNSN.js"
    },
    "chunk-OPHDUUQE": {
      "file": "chunk-OPHDUUQE.js"
    },
    "chunk-4TPO3QZ2": {
      "file": "chunk-4TPO3QZ2.js"
    },
    "chunk-YD6ZNT5X": {
      "file": "chunk-YD6ZNT5X.js"
    },
    "chunk-VBGOPTTT": {
      "file": "chunk-VBGOPTTT.js"
    },
    "chunk-PZLDNP2X": {
      "file": "chunk-PZLDNP2X.js"
    },
    "chunk-FFZIAYYX": {
      "file": "chunk-FFZIAYYX.js"
    },
    "chunk-6Q4RANH6": {
      "file": "chunk-6Q4RANH6.js"
    },
    "chunk-CXCX2JKZ": {
      "file": "chunk-CXCX2JKZ.js"
    }
  }
}